{
    "Class 1": {
        "precision": 0.981042654028436,
        "recall": 0.9857142857142858,
        "f1-score": 0.983372921615202,
        "support": 210
    },
    "Class 2": {
        "precision": 0.9617391304347827,
        "recall": 0.9963963963963964,
        "f1-score": 0.9787610619469027,
        "support": 2220
    },
    "Class 3": {
        "precision": 0.9699738903394256,
        "recall": 0.9906666666666667,
        "f1-score": 0.9802110817941952,
        "support": 2250
    },
    "Class 4": {
        "precision": 0.9970126960418223,
        "recall": 0.9468085106382979,
        "f1-score": 0.9712622771917061,
        "support": 1410
    },
    "Class 5": {
        "precision": 0.9969742813918305,
        "recall": 0.9984848484848485,
        "f1-score": 0.9977289931869796,
        "support": 1980
    },
    "Class 6": {
        "precision": 0.9859629421673217,
        "recall": 0.9440860215053763,
        "f1-score": 0.9645701730293875,
        "support": 1860
    },
    "Class 7": {
        "precision": 1.0,
        "recall": 0.9857142857142858,
        "f1-score": 0.9928057553956835,
        "support": 420
    },
    "Class 8": {
        "precision": 0.9682646860229575,
        "recall": 0.9958333333333333,
        "f1-score": 0.9818555289284492,
        "support": 1440
    },
    "Class 9": {
        "precision": 0.9963316214233309,
        "recall": 0.9631205673758865,
        "f1-score": 0.9794446447890371,
        "support": 1410
    },
    "Class 10": {
        "precision": 0.9898167006109979,
        "recall": 0.9918367346938776,
        "f1-score": 0.9908256880733944,
        "support": 1470
    },
    "Class 11": {
        "precision": 1.0,
        "recall": 0.9766169154228855,
        "f1-score": 0.9881701485023912,
        "support": 2010
    },
    "Class 12": {
        "precision": 0.9769516728624535,
        "recall": 0.9954545454545455,
        "f1-score": 0.9861163227016886,
        "support": 1320
    },
    "Class 13": {
        "precision": 0.9900756143667296,
        "recall": 0.9976190476190476,
        "f1-score": 0.9938330170777989,
        "support": 2100
    },
    "Class 14": {
        "precision": 0.9853278312700596,
        "recall": 0.9949074074074075,
        "f1-score": 0.9900944482838056,
        "support": 2160
    },
    "Class 15": {
        "precision": 0.9923664122137404,
        "recall": 1.0,
        "f1-score": 0.9961685823754789,
        "support": 780
    },
    "Class 16": {
        "precision": 0.9795918367346939,
        "recall": 0.9904761904761905,
        "f1-score": 0.9850039463299132,
        "support": 630
    },
    "Class 17": {
        "precision": 0.9858823529411764,
        "recall": 0.9976190476190476,
        "f1-score": 0.9917159763313609,
        "support": 420
    },
    "Class 18": {
        "precision": 0.9990982867448152,
        "recall": 0.9981981981981982,
        "f1-score": 0.9986480396575035,
        "support": 1110
    },
    "Class 19": {
        "precision": 0.957667731629393,
        "recall": 0.9991666666666666,
        "f1-score": 0.9779771615008156,
        "support": 1200
    },
    "Class 20": {
        "precision": 0.9858490566037735,
        "recall": 0.9952380952380953,
        "f1-score": 0.9905213270142179,
        "support": 210
    },
    "Class 21": {
        "precision": 0.9971014492753624,
        "recall": 0.9555555555555556,
        "f1-score": 0.975886524822695,
        "support": 360
    },
    "Class 22": {
        "precision": 0.9939577039274925,
        "recall": 0.996969696969697,
        "f1-score": 0.9954614220877459,
        "support": 330
    },
    "Class 23": {
        "precision": 0.9974358974358974,
        "recall": 0.9974358974358974,
        "f1-score": 0.9974358974358974,
        "support": 390
    },
    "Class 24": {
        "precision": 0.9825918762088974,
        "recall": 0.996078431372549,
        "f1-score": 0.9892891918208373,
        "support": 510
    },
    "Class 25": {
        "precision": 0.9607142857142857,
        "recall": 0.9962962962962963,
        "f1-score": 0.9781818181818182,
        "support": 270
    },
    "Class 26": {
        "precision": 0.9920159680638723,
        "recall": 0.994,
        "f1-score": 0.993006993006993,
        "support": 1500
    },
    "Class 27": {
        "precision": 1.0,
        "recall": 0.9116666666666666,
        "f1-score": 0.9537925021795989,
        "support": 600
    },
    "Class 28": {
        "precision": 1.0,
        "recall": 0.9291666666666667,
        "f1-score": 0.9632829373650108,
        "support": 240
    },
    "Class 29": {
        "precision": 0.9962962962962963,
        "recall": 0.9962962962962963,
        "f1-score": 0.9962962962962963,
        "support": 540
    },
    "Class 30": {
        "precision": 0.9880952380952381,
        "recall": 0.9222222222222223,
        "f1-score": 0.9540229885057472,
        "support": 270
    },
    "Class 31": {
        "precision": 0.9814814814814815,
        "recall": 0.9422222222222222,
        "f1-score": 0.9614512471655329,
        "support": 450
    },
    "Class 32": {
        "precision": 0.9936061381074168,
        "recall": 0.9961538461538462,
        "f1-score": 0.9948783610755442,
        "support": 780
    },
    "Class 33": {
        "precision": 0.9395161290322581,
        "recall": 0.9708333333333333,
        "f1-score": 0.9549180327868853,
        "support": 240
    },
    "Class 34": {
        "precision": 1.0,
        "recall": 1.0,
        "f1-score": 1.0,
        "support": 689
    },
    "Class 35": {
        "precision": 0.9976019184652278,
        "recall": 0.9904761904761905,
        "f1-score": 0.994026284348865,
        "support": 420
    },
    "Class 36": {
        "precision": 0.9975020815986678,
        "recall": 0.9983333333333333,
        "f1-score": 0.997917534360683,
        "support": 1200
    },
    "Class 37": {
        "precision": 0.9974424552429667,
        "recall": 1.0,
        "f1-score": 0.998719590268886,
        "support": 390
    },
    "Class 38": {
        "precision": 1.0,
        "recall": 1.0,
        "f1-score": 1.0,
        "support": 210
    },
    "Class 39": {
        "precision": 0.9985514244326412,
        "recall": 0.9990338164251208,
        "f1-score": 0.9987925621830476,
        "support": 2070
    },
    "Class 40": {
        "precision": 1.0,
        "recall": 0.9933333333333333,
        "f1-score": 0.9966555183946488,
        "support": 300
    },
    "Class 41": {
        "precision": 0.9943181818181818,
        "recall": 0.9722222222222222,
        "f1-score": 0.9831460674157303,
        "support": 360
    },
    "Class 42": {
        "precision": 1.0,
        "recall": 0.9583333333333334,
        "f1-score": 0.9787234042553191,
        "support": 240
    },
    "Class 43": {
        "precision": 1.0,
        "recall": 0.9875,
        "f1-score": 0.9937106918238994,
        "support": 240
    },
    "Class 44": {
        "precision": 0.6341463414634146,
        "recall": 0.9285714285714286,
        "f1-score": 0.7536231884057972,
        "support": 28
    },
    "Class 45": {
        "precision": 0.4189189189189189,
        "recall": 0.8857142857142857,
        "f1-score": 0.5688073394495413,
        "support": 35
    },
    "Class 46": {
        "precision": 0.8076923076923077,
        "recall": 0.84,
        "f1-score": 0.8235294117647058,
        "support": 50
    },
    "Class 47": {
        "precision": 0.8653846153846154,
        "recall": 0.9,
        "f1-score": 0.8823529411764707,
        "support": 50
    },
    "Class 48": {
        "precision": 0.8125,
        "recall": 0.78,
        "f1-score": 0.7959183673469388,
        "support": 50
    },
    "accuracy": 0.9849830044137791,
    "macro avg": {
        "precision": 0.9593083355517328,
        "recall": 0.970466100817205,
        "f1-score": 0.9623523793677301,
        "support": 39422
    },
    "weighted avg": {
        "precision": 0.9858962174672663,