{"loss": [0.998894214630127, 0.14797325432300568, 0.08471666276454926, 0.07473174482584], "accuracy": [0.7233090996742249, 0.9570028781890869, 0.9745378494262695, 0.9782477617263794], "val_loss": [0.09139978140592575, 0.053273532539606094, 0.04319154471158981, 0.04437098652124405], "val_accuracy": [0.9761572480201721, 0.9866835474967957, 0.9894737005233765, 0.9885859489440918]}